condition,episode,rtf_run,contacts_per_100m,success,contact_any,fc_land,contact_episodes,near_miss_episodes,min_clearance_m,path_m,coverage,over_box_s,alt_true_max_m,above_fence,ekf_err_alt_max_m
no_new_cells,lowbox_s0_k0,0.957,3.3557046979865772,0,1,0,1,3,-0.027,29.8,0.692,27.9,0.91,0,0.041
no_new_cells,lowbox_s10_k10,0.96,19.23076923076923,0,1,0,1,1,-0.101,5.2,0.231,0.0,0.82,0,0.11
no_new_cells,lowbox_s11_k11,0.96,0.0,1,0,0,0,0,0.12,26.9,0.577,14.4,0.86,0,0.055
no_new_cells,lowbox_s12_k12,0.957,0.0,1,0,0,0,0,0.834,30.1,0.731,40.5,0.96,0,0.132
no_new_cells,lowbox_s13_k13,0.956,0.0,1,0,0,0,0,0.528,31.5,0.731,38.2,0.96,0,0.127
no_new_cells,lowbox_s14_k14,0.959,6.7114093959731544,0,1,0,2,2,-0.034,29.8,0.635,20.5,0.99,0,0.146
no_new_cells,lowbox_s15_k15,0.959,59.01639344262295,0,1,0,18,16,-0.117,30.5,0.481,11.1,0.91,0,0.127
no_new_cells,lowbox_s16_k16,0.957,0.0,1,0,0,0,0,0.261,26.7,0.654,18.2,0.84,0,0.14
no_new_cells,lowbox_s17_k17,0.959,35.714285714285715,0,1,0,5,6,-0.117,14.0,0.423,3.6,0.86,0,0.355
no_new_cells,lowbox_s18_k18,0.957,10.526315789473685,0,1,0,2,5,-0.102,19.0,0.442,16.0,1.02,0,0.183
no_new_cells,lowbox_s19_k19,0.953,0.0,1,0,0,0,2,0.011,24.3,0.5,7.9,0.92,0,0.05
no_new_cells,lowbox_s1_k1,0.954,6.896551724137931,0,1,0,1,2,-0.106,14.5,0.192,0.3,0.75,0,0.172
no_new_cells,lowbox_s2_k2,0.958,0.0,1,0,0,0,2,0.081,30.9,0.481,21.4,0.93,0,0.123
no_new_cells,lowbox_s3_k3,0.957,0.0,1,0,0,0,0,0.313,26.0,0.692,33.4,0.98,0,0.164
no_new_cells,lowbox_s4_k4,0.955,19.157088122605362,0,1,0,5,3,-0.054,26.1,0.308,3.2,0.88,0,0.116
no_new_cells,lowbox_s5_k5,0.954,0.0,1,0,0,0,1,0.079,28.1,0.577,17.6,0.94,0,0.118
no_new_cells,lowbox_s6_k6,0.952,58.82352941176471,0,1,0,4,3,-0.055,6.8,0.135,0.0,1.02,0,0.149
no_new_cells,lowbox_s7_k7,0.954,0.0,1,0,0,0,0,0.277,26.9,0.558,33.5,0.92,0,0.123
no_new_cells,lowbox_s8_k8,0.958,0.0,1,0,0,0,2,0.001,25.5,0.635,28.1,1.03,0,0.17
no_new_cells,lowbox_s9_k9,0.957,0.0,1,0,0,0,0,0.166,29.2,0.731,11.1,0.97,0,0.201
fx_no_new_cells,lowbox_s0_k0,0.966,16.94915254237288,0,1,1,4,5,-0.13,23.6,0.692,8.6,1.89,1,2.687
fx_no_new_cells,lowbox_s10_k10,0.964,18.181818181818183,0,1,0,1,1,-0.101,5.5,0.231,0.0,0.81,0,0.158
fx_no_new_cells,lowbox_s11_k11,0.964,0.0,1,0,0,0,0,0.391,31.2,0.75,41.8,0.92,0,0.125
fx_no_new_cells,lowbox_s12_k12,0.966,0.0,1,0,0,0,0,0.173,28.0,0.654,20.2,1.03,0,0.153
fx_no_new_cells,lowbox_s13_k13,0.967,0.0,1,0,0,0,0,0.439,28.3,0.577,20.5,0.92,0,0.137
fx_no_new_cells,lowbox_s14_k14,0.966,0.0,1,0,0,0,0,0.298,27.7,0.577,19.8,0.92,0,0.143
fx_no_new_cells,lowbox_s15_k15,0.966,70.17543859649122,0,1,0,4,3,-0.103,5.7,0.115,0.0,0.78,0,0.07
fx_no_new_cells,lowbox_s16_k16,0.965,0.0,1,0,0,0,0,0.192,26.9,0.635,21.9,0.84,0,0.152
fx_no_new_cells,lowbox_s17_k17,0.966,18.93939393939394,0,1,0,5,6,-0.117,26.4,0.5,8.9,0.88,0,8.059
fx_no_new_cells,lowbox_s18_k18,1.012,17.482517482517483,0,1,0,5,8,-0.113,28.6,0.462,19.9,0.97,0,0.578
fx_no_new_cells,lowbox_s19_k19,0.966,15.873015873015873,0,1,0,4,3,-0.045,25.2,0.5,0.0,0.85,0,0.1
fx_no_new_cells,lowbox_s1_k1,0.965,11.11111111111111,0,1,0,2,2,-0.106,18.0,0.558,14.5,0.92,0,0.821
fx_no_new_cells,lowbox_s2_k2,0.966,0.0,1,0,0,0,0,0.216,29.8,0.519,23.1,0.9,0,0.07
fx_no_new_cells,lowbox_s3_k3,0.965,0.0,1,0,0,0,0,0.125,27.1,0.538,22.6,0.92,0,0.166
fx_no_new_cells,lowbox_s4_k4,0.967,4.6082949308755765,0,1,0,1,6,-0.105,21.7,0.596,10.3,0.85,0,0.089
fx_no_new_cells,lowbox_s5_k5,0.967,0.0,1,0,0,0,1,0.075,25.8,0.596,9.8,0.94,0,0.115
fx_no_new_cells,lowbox_s6_k6,0.965,20.895522388059703,0,1,0,7,10,-0.049,33.5,0.673,13.0,1.03,0,0.171
fx_no_new_cells,lowbox_s7_k7,0.965,0.0,1,0,0,0,3,0.04,29.3,0.673,21.0,0.92,0,0.091
fx_no_new_cells,lowbox_s8_k8,0.967,0.0,1,0,0,0,0,0.259,26.0,0.615,37.0,0.93,0,0.119
fx_no_new_cells,lowbox_s9_k9,0.967,0.0,1,0,0,0,0,0.207,33.6,0.731,17.4,0.92,0,0.061
