condition,episode,rtf_run,contact_any,escaped,min_clearance_m,final_clearance_m,escape_onset_clearance_m,brake_onset_clearance_m,contact_episodes
fx_full,wall_offset_k0,0.982,0,1,0.412,0.687,0.557,0.546,0
fx_full,wall_offset_k1,0.976,0,1,0.279,0.794,0.423,1.169,0
fx_full,wall_offset_k2,0.983,0,1,0.446,0.53,0.613,0.613,0
fx_full,wall_offset_k3,0.975,0,1,0.334,0.782,0.479,0.479,0
fx_full,wall_offset_k4,0.982,0,1,0.345,0.725,0.49,1.158,0
fx_full,wall_offset_k5,0.977,0,1,0.357,0.715,0.512,0.49,0
fx_full,wall_offset_k6,0.982,0,1,0.423,0.696,0.568,0.557,0
fx_full,wall_offset_k7,0.976,0,1,0.345,0.687,0.479,0.468,0
fx_full,wall_offset_plain_k0,0.982,0,1,0.719,0.722,1.158,1.158,0
fx_full,wall_offset_plain_k1,0.976,0,1,0.7,0.7,1.192,1.192,0
fx_full,wall_offset_plain_k2,0.981,0,1,0.868,0.868,1.18,1.18,0
fx_full,wall_offset_plain_k3,0.974,0,1,0.787,0.791,1.18,1.18,0
fx_full,wall_offset_plain_k4,0.984,0,1,0.746,0.746,1.192,1.192,0
fx_full,wall_offset_plain_k5,0.975,0,1,0.758,0.761,1.225,0.919,0
fx_full,wall_offset_plain_k6,0.982,0,1,0.871,0.871,1.225,1.039,0
fx_full,wall_offset_plain_k7,0.974,0,1,1.035,1.057,1.192,1.192,0
fx_full,wall_plain_k0,0.981,0,1,0.853,0.922,1.169,1.169,0
fx_full,wall_plain_k1,0.977,0,1,1.038,1.202,1.214,1.174,0
fx_full,wall_plain_k2,0.981,0,1,0.718,0.74,1.18,1.169,0
fx_full,wall_plain_k3,0.975,0,1,1.018,1.267,1.18,1.18,0
fx_full,wall_plain_k4,0.984,0,1,1.004,1.188,1.214,1.123,0
fx_full,wall_plain_k5,0.974,0,1,0.983,1.217,1.169,1.169,0
fx_full,wall_plain_k6,0.983,0,1,0.768,0.975,1.192,1.192,0
fx_full,wall_plain_k7,0.975,0,1,0.963,1.185,1.18,1.18,0
fx_full,wall_tape_k0,0.981,0,1,0.428,0.632,0.691,1.18,0
fx_full,wall_tape_k1,0.976,0,1,0.456,0.549,0.657,0.646,0
fx_full,wall_tape_k2,0.984,0,1,0.474,0.641,0.646,1.18,0
fx_full,wall_tape_k3,0.976,0,1,0.4,0.437,0.624,1.169,0
fx_full,wall_tape_k4,0.986,0,1,0.354,0.465,0.657,1.192,0
fx_full,wall_tape_k5,0.977,0,1,0.355,0.473,0.624,0.613,0
fx_full,wall_tape_k6,0.981,0,1,0.381,0.437,0.679,1.169,0
fx_full,wall_tape_k7,0.975,0,1,0.391,0.437,0.635,1.18,0
fx_m_v4_oc5,wall_offset_k0,0.982,0,1,0.379,0.632,0.535,1.169,0
fx_m_v4_oc5,wall_offset_k1,0.975,0,1,0.345,0.632,0.479,0.479,0
fx_m_v4_oc5,wall_offset_k2,0.983,0,1,0.345,0.724,0.479,1.169,0
fx_m_v4_oc5,wall_offset_k3,0.972,0,1,0.468,0.706,0.613,1.169,0
fx_m_v4_oc5,wall_offset_k4,0.983,0,1,0.483,0.678,0.624,1.158,0
fx_m_v4_oc5,wall_offset_k5,0.974,0,1,0.468,0.669,0.613,1.192,0
fx_m_v4_oc5,wall_offset_k6,0.983,0,1,0.479,0.787,0.613,1.147,0
fx_m_v4_oc5,wall_offset_k7,0.977,0,1,0.379,0.879,0.546,1.158,0
fx_m_v4_oc5,wall_offset_plain_k0,0.983,0,1,0.833,0.833,1.214,1.003,0
fx_m_v4_oc5,wall_offset_plain_k1,0.979,0,1,0.938,0.938,1.192,1.192,0
fx_m_v4_oc5,wall_offset_plain_k2,0.98,0,1,0.878,0.878,1.192,1.192,0
fx_m_v4_oc5,wall_offset_plain_k3,0.977,0,1,0.997,0.997,1.18,1.18,0
fx_m_v4_oc5,wall_offset_plain_k4,0.985,0,1,0.891,0.891,1.158,1.158,0
fx_m_v4_oc5,wall_offset_plain_k5,0.98,0,1,0.824,0.824,1.169,1.169,0
fx_m_v4_oc5,wall_offset_plain_k6,0.986,0,1,0.931,0.931,1.158,1.158,0
fx_m_v4_oc5,wall_offset_plain_k7,0.979,0,1,0.881,0.882,1.225,1.081,0
fx_m_v4_oc5,wall_plain_k0,0.985,0,1,0.923,0.97,1.169,1.169,0
fx_m_v4_oc5,wall_plain_k1,0.974,0,1,0.954,1.039,1.169,1.169,0
fx_m_v4_oc5,wall_plain_k2,0.979,0,1,0.86,0.931,1.158,1.158,0
fx_m_v4_oc5,wall_plain_k3,0.97,0,1,0.847,0.893,1.192,1.192,0
fx_m_v4_oc5,wall_plain_k4,0.983,0,1,0.953,1.152,1.18,1.18,0
fx_m_v4_oc5,wall_plain_k5,0.973,0,1,0.988,1.195,1.192,1.192,0
fx_m_v4_oc5,wall_plain_k6,0.981,0,1,0.853,1.052,1.192,1.18,0
fx_m_v4_oc5,wall_plain_k7,0.972,0,1,0.875,0.895,1.225,0.99,0
fx_m_v4_oc5,wall_tape_k0,0.981,0,1,0.422,0.724,0.613,1.147,0
fx_m_v4_oc5,wall_tape_k1,0.975,0,1,0.435,0.845,0.602,1.158,0
fx_m_v4_oc5,wall_tape_k2,0.984,0,1,0.391,0.54,0.613,1.18,0
fx_m_v4_oc5,wall_tape_k3,0.973,0,1,0.372,0.465,0.635,1.18,0
fx_m_v4_oc5,wall_tape_k4,0.983,0,1,0.363,0.474,0.635,0.624,0
fx_m_v4_oc5,wall_tape_k5,0.973,0,1,0.381,0.474,0.646,1.18,0
fx_m_v4_oc5,wall_tape_k6,0.983,0,1,0.446,0.641,0.613,1.169,0
fx_m_v4_oc5,wall_tape_k7,0.971,0,1,0.501,0.855,0.635,1.158,0
fx_m_v3_2,wall_offset_k0,0.986,0,1,0.345,0.632,0.49,1.18,0
fx_m_v3_2,wall_offset_k1,0.98,0,1,0.312,0.688,0.468,1.18,0
fx_m_v3_2,wall_offset_k2,0.985,0,1,0.479,0.595,0.624,1.18,0
fx_m_v3_2,wall_offset_k3,0.978,0,1,0.446,0.641,0.579,1.158,0
fx_m_v3_2,wall_offset_k4,0.985,0,1,0.423,0.715,0.568,1.158,0
fx_m_v3_2,wall_offset_k5,0.978,0,1,0.29,0.743,0.435,1.169,0
fx_m_v3_2,wall_offset_k6,0.985,0,1,0.468,0.723,0.602,1.192,0
fx_m_v3_2,wall_offset_k7,0.982,0,1,0.357,0.669,0.501,1.18,0
fx_m_v3_2,wall_offset_plain_k0,0.983,0,1,0.724,0.724,1.18,1.18,0
fx_m_v3_2,wall_offset_plain_k1,0.981,0,1,0.916,0.916,1.192,1.192,0
fx_m_v3_2,wall_offset_plain_k2,0.985,0,1,0.847,0.847,1.18,1.18,0
fx_m_v3_2,wall_offset_plain_k3,0.979,0,1,0.933,0.933,1.214,1.12,0
fx_m_v3_2,wall_offset_plain_k4,0.985,0,1,0.887,0.887,1.192,1.192,0
fx_m_v3_2,wall_offset_plain_k5,0.979,0,1,0.858,0.858,1.158,1.158,0
fx_m_v3_2,wall_offset_plain_k6,0.982,0,1,0.854,0.854,1.158,1.158,0
fx_m_v3_2,wall_offset_plain_k7,0.98,0,1,0.957,0.96,1.314,1.188,0
fx_m_v3_2,wall_plain_k0,0.986,0,1,0.873,0.873,1.169,1.169,0
fx_m_v3_2,wall_plain_k1,0.974,0,1,0.838,0.838,1.169,1.169,0
fx_m_v3_2,wall_plain_k2,0.983,0,1,0.791,0.792,1.158,1.158,0
fx_m_v3_2,wall_plain_k3,0.979,0,1,0.903,0.922,1.192,1.192,0
fx_m_v3_2,wall_plain_k4,0.985,0,1,0.814,0.814,1.158,1.158,0
fx_m_v3_2,wall_plain_k5,0.978,0,1,1.024,1.159,1.18,1.18,0
fx_m_v3_2,wall_plain_k6,0.985,0,1,0.953,1.166,1.214,1.096,0
fx_m_v3_2,wall_plain_k7,0.979,0,1,0.919,0.919,1.192,1.192,0
fx_m_v3_2,wall_tape_k0,0.987,0,1,0.423,0.65,0.613,1.158,0
fx_m_v3_2,wall_tape_k1,0.98,0,1,0.446,0.577,0.602,0.579,0
fx_m_v3_2,wall_tape_k2,0.986,0,1,0.418,0.52,0.646,0.635,0
fx_m_v3_2,wall_tape_k3,0.977,0,1,0.446,0.52,0.613,1.169,0
fx_m_v3_2,wall_tape_k4,0.985,0,1,0.479,0.715,0.624,1.158,0
fx_m_v3_2,wall_tape_k5,0.98,0,1,0.363,0.499,0.635,1.169,0
fx_m_v3_2,wall_tape_k6,0.985,0,1,0.479,0.765,0.624,1.192,0
fx_m_v3_2,wall_tape_k7,0.978,0,1,0.4,0.548,0.657,1.169,0
fx_m_es2,wall_offset_k0,0.982,0,1,0.468,1.632,0.613,1.158,0
fx_m_es2,wall_offset_k1,0.979,0,1,0.423,1.697,0.602,1.18,0
fx_m_es2,wall_offset_k2,0.985,0,1,0.357,1.572,0.512,1.158,0
fx_m_es2,wall_offset_k3,0.981,0,1,0.446,1.682,0.624,0.613,0
fx_m_es2,wall_offset_k4,0.986,0,1,0.468,1.658,0.624,1.18,0
fx_m_es2,wall_offset_k5,0.979,0,1,0.268,1.63,0.423,1.158,0
fx_m_es2,wall_offset_k6,0.981,0,1,0.412,1.669,0.557,1.18,0
fx_m_es2,wall_offset_k7,0.977,0,1,0.423,1.629,0.579,0.568,0
fx_m_es2,wall_offset_plain_k0,0.979,0,1,1.169,2.357,1.18,1.169,0
fx_m_es2,wall_offset_plain_k1,0.979,0,1,1.314,2.452,1.314,,0
fx_m_es2,wall_offset_plain_k2,0.982,0,1,1.158,2.359,1.158,1.158,0
fx_m_es2,wall_offset_plain_k3,0.979,0,1,1.18,2.456,1.18,1.18,0
fx_m_es2,wall_offset_plain_k4,0.981,0,1,1.158,2.366,1.158,1.158,0
fx_m_es2,wall_offset_plain_k5,0.979,0,1,1.192,2.283,1.192,1.192,0
fx_m_es2,wall_offset_plain_k6,0.981,0,1,1.18,2.392,1.18,1.18,0
fx_m_es2,wall_offset_plain_k7,0.978,0,1,1.214,2.29,1.214,,0
fx_m_es2,wall_plain_k0,0.982,0,1,1.158,2.594,1.158,1.158,0
fx_m_es2,wall_plain_k1,0.98,0,1,1.18,2.577,1.18,1.18,0
fx_m_es2,wall_plain_k2,0.981,0,1,1.192,2.625,1.192,1.192,0
fx_m_es2,wall_plain_k3,0.978,0,1,1.18,2.334,1.18,1.18,0
fx_m_es2,wall_plain_k4,0.985,0,1,1.169,2.398,1.169,1.169,0
fx_m_es2,wall_plain_k5,0.979,0,1,1.192,2.329,1.192,1.192,0
fx_m_es2,wall_plain_k6,0.985,0,1,1.192,2.34,1.192,1.192,0
fx_m_es2,wall_plain_k7,0.978,0,1,1.192,2.378,1.192,1.192,0
fx_m_es2,wall_tape_k0,0.983,0,1,0.468,1.732,0.613,1.192,0
fx_m_es2,wall_tape_k1,0.98,0,1,0.479,1.836,0.624,1.18,0
fx_m_es2,wall_tape_k2,0.982,0,1,0.479,1.979,0.624,1.169,0
fx_m_es2,wall_tape_k3,0.979,0,1,0.479,1.604,0.635,0.624,0
fx_m_es2,wall_tape_k4,0.983,0,1,0.479,1.645,0.635,1.192,0
fx_m_es2,wall_tape_k5,0.98,0,1,0.501,1.668,0.679,0.657,0
fx_m_es2,wall_tape_k6,0.982,0,1,0.479,1.588,0.635,1.169,0
fx_m_es2,wall_tape_k7,0.978,0,1,0.446,1.551,0.613,1.18,0
fx_m_es3,wall_offset_k0,0.98,0,1,0.435,2.69,0.613,1.169,0
fx_m_es3,wall_offset_k1,0.976,0,1,0.423,2.721,0.557,0.546,0
fx_m_es3,wall_offset_k2,0.983,0,1,0.479,2.884,0.635,0.613,0
fx_m_es3,wall_offset_k3,0.979,0,1,0.468,2.528,0.613,0.602,0
fx_m_es3,wall_offset_k4,0.985,0,1,0.412,2.817,0.579,1.192,0
fx_m_es3,wall_offset_k5,0.981,0,1,0.357,2.717,0.501,1.18,0
fx_m_es3,wall_offset_k6,0.984,0,1,0.412,2.696,0.546,1.192,0
fx_m_es3,wall_offset_k7,0.98,0,1,0.245,2.416,0.401,1.18,0
fx_m_es3,wall_offset_plain_k0,0.982,0,1,1.158,2.85,1.158,1.158,0
fx_m_es3,wall_offset_plain_k1,0.981,0,1,1.158,2.783,1.169,1.158,0
fx_m_es3,wall_offset_plain_k2,0.982,0,1,1.158,2.372,1.158,1.158,0
fx_m_es3,wall_offset_plain_k3,0.98,0,1,1.303,2.583,1.303,,0
fx_m_es3,wall_offset_plain_k4,0.982,0,1,1.192,2.583,1.192,1.192,0
fx_m_es3,wall_offset_plain_k5,0.981,0,1,1.18,2.349,1.18,1.18,0
fx_m_es3,wall_offset_plain_k6,0.981,0,1,1.18,2.583,1.18,1.18,0
fx_m_es3,wall_offset_plain_k7,0.98,0,1,1.214,2.717,1.214,,0
fx_m_es3,wall_plain_k0,0.981,0,1,1.214,2.605,1.214,,0
fx_m_es3,wall_plain_k1,0.977,0,1,1.18,2.55,1.18,1.18,0
fx_m_es3,wall_plain_k2,0.983,0,1,1.169,2.372,1.169,1.169,0
fx_m_es3,wall_plain_k3,0.977,0,1,1.158,2.271,1.158,1.158,0
fx_m_es3,wall_plain_k4,0.986,0,1,1.169,2.783,1.169,1.169,0
fx_m_es3,wall_plain_k5,0.979,0,1,1.292,2.305,1.292,,0
fx_m_es3,wall_plain_k6,0.985,0,1,1.18,2.839,1.18,1.18,0
fx_m_es3,wall_plain_k7,0.978,0,1,1.192,2.605,1.192,1.192,0
fx_m_es3,wall_tape_k0,0.986,0,1,0.468,2.917,0.613,1.192,0
fx_m_es3,wall_tape_k1,0.98,0,1,0.412,2.422,0.557,1.158,0
fx_m_es3,wall_tape_k2,0.985,0,1,0.501,2.969,0.635,1.18,0
fx_m_es3,wall_tape_k3,0.978,0,1,0.512,2.416,0.679,0.646,0
fx_m_es3,wall_tape_k4,0.985,0,1,0.468,2.872,0.624,1.169,0
fx_m_es3,wall_tape_k5,0.979,0,1,0.49,2.786,0.646,1.192,0
fx_m_es3,wall_tape_k6,0.985,0,1,0.412,2.817,0.579,1.169,0
fx_m_es3,wall_tape_k7,0.978,0,1,0.468,2.906,0.613,1.158,0
fx_m_wcov2,wall_offset_k0,0.983,0,1,0.435,0.922,0.602,1.18,0
fx_m_wcov2,wall_offset_k1,0.982,0,1,0.446,1.03,0.602,1.18,0
fx_m_wcov2,wall_offset_k2,0.981,0,1,0.412,1.437,0.557,1.169,0
fx_m_wcov2,wall_offset_k3,0.979,0,1,0.401,1.964,0.546,1.18,0
fx_m_wcov2,wall_offset_k4,0.986,0,1,0.435,1.01,0.579,1.169,0
fx_m_wcov2,wall_offset_k5,0.985,0,1,0.435,1.251,0.579,1.18,0
fx_m_wcov2,wall_offset_k6,0.986,0,1,0.468,1.981,0.613,1.169,0
fx_m_wcov2,wall_offset_k7,0.984,0,1,0.423,2.142,0.568,0.557,0
fx_m_wcov2,wall_offset_plain_k0,0.983,0,1,1.158,2.038,1.158,1.158,0
fx_m_wcov2,wall_offset_plain_k1,0.983,0,1,1.169,2.859,1.169,1.169,0
fx_m_wcov2,wall_offset_plain_k2,0.982,0,1,1.158,2.859,1.158,1.158,0
fx_m_wcov2,wall_offset_plain_k3,0.981,0,1,1.169,1.846,1.169,1.169,0
fx_m_wcov2,wall_offset_plain_k4,0.982,0,1,1.158,1.862,1.158,1.158,0
fx_m_wcov2,wall_offset_plain_k5,0.983,0,1,1.292,2.973,1.292,,0
fx_m_wcov2,wall_offset_plain_k6,0.981,0,1,1.158,2.892,1.169,1.158,0
fx_m_wcov2,wall_offset_plain_k7,0.979,0,1,1.192,1.898,1.192,1.192,0
fx_m_wcov2,wall_plain_k0,0.981,0,1,1.192,1.631,1.192,1.192,0
fx_m_wcov2,wall_plain_k1,0.979,0,1,1.214,2.821,1.214,,0
fx_m_wcov2,wall_plain_k2,0.982,0,1,1.169,2.583,1.169,1.169,0
fx_m_wcov2,wall_plain_k3,0.978,0,1,1.214,1.589,1.214,,0
fx_m_wcov2,wall_plain_k4,0.987,0,1,1.169,2.583,1.169,1.169,0
fx_m_wcov2,wall_plain_k5,0.983,0,1,1.18,2.813,1.18,1.18,0
fx_m_wcov2,wall_plain_k6,0.982,0,1,1.158,2.932,1.158,1.158,0
fx_m_wcov2,wall_plain_k7,0.979,0,1,1.192,1.926,1.192,1.192,0
fx_m_wcov2,wall_tape_k0,0.987,0,1,0.479,1.33,0.635,1.18,0
fx_m_wcov2,wall_tape_k1,0.984,0,1,0.479,2.04,0.613,1.169,0
fx_m_wcov2,wall_tape_k2,0.982,0,1,0.468,2.398,0.613,1.18,0
fx_m_wcov2,wall_tape_k3,0.98,0,1,0.535,1.327,0.679,1.18,0
fx_m_wcov2,wall_tape_k4,0.981,0,1,0.446,1.379,0.613,1.169,0
fx_m_wcov2,wall_tape_k5,0.983,0,1,0.468,2.442,0.613,0.613,0
fx_m_wcov2,wall_tape_k6,0.986,0,1,0.479,1.071,0.624,1.18,0
fx_m_wcov2,wall_tape_k7,0.981,0,1,0.468,1.34,0.613,1.18,0
fx_m_wcov4,wall_offset_k0,0.986,0,1,0.468,1.252,0.624,1.18,0
fx_m_wcov4,wall_offset_k1,0.976,0,1,0.357,1.23,0.501,0.49,0
fx_m_wcov4,wall_offset_k2,0.981,0,1,0.412,1.239,0.568,1.192,0
fx_m_wcov4,wall_offset_k3,0.976,0,1,0.479,1.231,0.613,1.18,0
fx_m_wcov4,wall_offset_k4,0.985,0,1,0.423,1.392,0.568,1.192,0
fx_m_wcov4,wall_offset_k5,0.981,0,1,0.412,1.245,0.568,1.158,0
fx_m_wcov4,wall_offset_k6,0.985,0,1,0.435,1.158,0.602,0.568,0
fx_m_wcov4,wall_offset_k7,0.979,0,1,0.379,1.107,0.535,0.512,0
fx_m_wcov4,wall_offset_plain_k0,0.985,0,1,1.292,2.637,1.292,,0
fx_m_wcov4,wall_offset_plain_k1,0.977,0,1,1.158,2.032,1.169,1.158,0
fx_m_wcov4,wall_offset_plain_k2,0.985,0,1,1.225,2.087,1.225,,0
fx_m_wcov4,wall_offset_plain_k3,0.979,0,1,1.18,2.032,1.18,1.18,0
fx_m_wcov4,wall_offset_plain_k4,0.985,0,1,1.18,2.056,1.18,1.18,0
fx_m_wcov4,wall_offset_plain_k5,0.978,0,1,1.18,2.077,1.18,1.18,0
fx_m_wcov4,wall_offset_plain_k6,0.982,0,1,1.18,2.343,1.18,1.18,0
fx_m_wcov4,wall_offset_plain_k7,0.977,0,1,1.192,2.261,1.192,1.192,0
fx_m_wcov4,wall_plain_k0,0.981,0,1,1.169,1.743,1.169,1.169,0
fx_m_wcov4,wall_plain_k1,0.979,0,1,1.18,1.729,1.18,1.18,0
fx_m_wcov4,wall_plain_k2,0.982,0,1,1.169,2.277,1.169,1.169,0
fx_m_wcov4,wall_plain_k3,0.977,0,1,1.18,1.54,1.18,1.18,0
fx_m_wcov4,wall_plain_k4,0.98,0,1,1.158,2.106,1.158,1.158,0
fx_m_wcov4,wall_plain_k5,0.98,0,1,1.169,2.149,1.169,1.169,0
fx_m_wcov4,wall_plain_k6,0.986,0,1,1.169,2.008,1.169,1.169,0
fx_m_wcov4,wall_plain_k7,0.977,0,1,1.18,1.78,1.18,1.18,0
fx_m_wcov4,wall_tape_k0,0.986,0,1,0.468,1.261,0.613,1.169,0
fx_m_wcov4,wall_tape_k1,0.984,0,1,0.49,1.326,0.635,0.624,0
fx_m_wcov4,wall_tape_k2,0.986,0,1,0.501,1.522,0.646,0.635,0
fx_m_wcov4,wall_tape_k3,0.984,0,1,0.468,1.47,0.613,1.158,0
fx_m_wcov4,wall_tape_k4,0.985,0,1,0.479,1.297,0.624,1.169,0
fx_m_wcov4,wall_tape_k5,0.98,0,1,0.479,1.311,0.624,1.18,0
fx_m_wcov4,wall_tape_k6,0.981,0,1,0.423,1.233,0.579,1.158,0
fx_m_wcov4,wall_tape_k7,0.978,0,1,0.468,1.536,0.613,1.18,0
fx_m_wcov8,wall_offset_k0,0.981,0,1,0.479,1.018,0.635,1.169,0
fx_m_wcov8,wall_offset_k1,0.979,0,1,0.479,0.903,0.613,1.158,0
fx_m_wcov8,wall_offset_k2,0.983,0,1,0.479,1.218,0.613,1.18,0
fx_m_wcov8,wall_offset_k3,0.978,0,1,0.412,1.232,0.546,1.18,0
fx_m_wcov8,wall_offset_k4,0.983,0,1,0.401,0.84,0.546,1.192,0
fx_m_wcov8,wall_offset_k5,0.979,0,1,0.468,0.814,0.613,1.192,0
fx_m_wcov8,wall_offset_k6,0.986,0,1,0.345,1.202,0.512,0.501,0
fx_m_wcov8,wall_offset_k7,0.979,0,1,0.423,1.205,0.568,0.557,0
fx_m_wcov8,wall_offset_plain_k0,0.985,0,1,1.18,2.622,1.18,1.18,0
fx_m_wcov8,wall_offset_plain_k1,0.976,0,1,1.18,1.78,1.18,1.18,0
fx_m_wcov8,wall_offset_plain_k2,0.982,0,1,1.192,2.623,1.192,1.192,0
fx_m_wcov8,wall_offset_plain_k3,0.978,0,1,1.197,1.197,1.225,,0
fx_m_wcov8,wall_offset_plain_k4,0.984,0,1,1.169,1.747,1.169,1.169,0
fx_m_wcov8,wall_offset_plain_k5,0.979,0,1,1.18,1.728,1.192,1.18,0
fx_m_wcov8,wall_offset_plain_k6,0.985,0,1,1.169,1.66,1.169,1.169,0
fx_m_wcov8,wall_offset_plain_k7,0.984,0,1,1.18,1.683,1.192,1.18,0
fx_m_wcov8,wall_plain_k0,0.983,0,1,1.169,1.205,1.169,1.169,0
fx_m_wcov8,wall_plain_k1,0.976,0,1,1.214,1.683,1.214,,0
fx_m_wcov8,wall_plain_k2,0.981,0,1,1.158,1.678,1.169,1.158,0
fx_m_wcov8,wall_plain_k3,0.979,0,1,1.169,1.257,1.169,1.169,0
fx_m_wcov8,wall_plain_k4,0.982,0,1,1.147,1.69,1.147,1.147,0
fx_m_wcov8,wall_plain_k5,0.977,0,1,1.169,2.606,1.169,1.169,0
fx_m_wcov8,wall_plain_k6,0.982,0,1,1.214,1.747,1.214,,0
fx_m_wcov8,wall_plain_k7,0.979,0,1,1.18,1.207,1.18,1.18,0
fx_m_wcov8,wall_tape_k0,0.981,0,1,0.435,1.271,0.602,1.169,0
fx_m_wcov8,wall_tape_k1,0.979,0,1,0.501,1.021,0.646,1.192,0
fx_m_wcov8,wall_tape_k2,0.986,0,1,0.423,0.91,0.568,1.169,0
fx_m_wcov8,wall_tape_k3,0.98,0,1,0.479,1.026,0.613,1.158,0
fx_m_wcov8,wall_tape_k4,0.986,0,1,0.479,1.075,0.624,1.18,0
fx_m_wcov8,wall_tape_k5,0.977,0,1,0.468,1.103,0.602,1.18,0
fx_m_wcov8,wall_tape_k6,0.986,0,1,0.446,1.121,0.579,1.169,0
fx_m_wcov8,wall_tape_k7,0.977,0,1,0.479,0.839,0.613,1.192,0
