run,group,seed,contact_episodes,near_miss_episodes,min_clearance_m,path_m,coverage,escapes,fence_turn_s,radius_true_max_m,alt_max,nav,variant,arm,threat_episodes,saccade_recall,saccade_latency_s,false_alarms_per_min,chain_rate,slow_fraction,mean_speed,saccade_turn_deg_median,rtf_run
a1_black_s0,a1_black,0,2,4,-0.063,31.9,0.75,0,13.8,2.4,1.57,gps,a1_intact,black,8,0.0,,0.0,,0.08,0.25,,0.211
a1_frozen_s0,a1_frozen,0,2,2,-0.119,4.3,0.154,0,107.2,2.54,0.78,gps,a1_intact,frozen,3,0.0,,0.0,,0.914,0.037,,0.354
a1_intact_s1,a1_intact,1,0,0,0.226,19.0,0.558,3,5.2,1.86,0.94,gps,a1_intact,intact,1,1.0,0.592,1.001,0.0,0.286,0.147,171.1,0.355
a1_noloom_s0,a1_noloom,0,4,6,-0.09,8.4,0.173,0,2.9,2.57,0.71,gps,a1_intact,noloom,8,0.0,,0.0,,0.869,0.068,,0.341
a1_randread1_s0,a1_randread1,0,0,0,0.371,37.9,0.135,1,0.0,1.15,0.77,gps,a1_randread1,randread1,18,0.0,,0.5,0.0,0.007,0.299,7006.4,0.198
a1_wcov4_s0,a1_wcov4,0,0,0,0.237,27.6,0.615,4,10.9,1.87,0.94,gps,b2_wcov4,intact,2,0.5,0.64,1.001,0.0,0.036,0.213,221.1,0.219
ab_pin4x4_i0,ab_pin4x4,0,1,3,-0.049,14.2,0.538,2,5.0,1.85,0.91,gps,v3_2,,6,0.333,1.16,0.0,0.0,0.047,0.22,119.0,0.258
ab_pin4x4_i1,ab_pin4x4,1,0,0,0.104,11.5,0.346,4,2.2,1.78,0.89,gps,v3_2,,5,0.4,0.768,2.003,0.0,0.097,0.18,76.6,0.266
ab_pin4x4_i2,ab_pin4x4,2,0,2,0.003,11.9,0.385,4,2.1,1.81,0.9,gps,v3_2,,3,0.667,1.648,2.002,0.0,0.109,0.185,80.1,0.261
ab_pin4x4_i3,ab_pin4x4,3,0,0,0.158,11.6,0.346,4,2.6,1.77,0.91,gps,v3_2,,3,0.667,1.096,2.003,0.0,0.121,0.183,76.8,0.265
ab_pin6x1_i0,ab_pin6x1,0,0,0,0.226,12.0,0.423,3,3.4,1.86,0.89,gps,v3_2,,2,0.5,0.4,2.003,0.0,0.104,0.189,76.6,0.279
ab_pin6x4_i0,ab_pin6x4,0,0,0,0.193,12.2,0.423,2,4.9,1.8,0.98,gps,v3_2,,2,0.5,0.8,1.002,0.0,0.132,0.194,79.6,0.271
ab_pin6x4_i1,ab_pin6x4,1,0,1,0.068,13.2,0.558,2,6.7,1.77,0.93,gps,v3_2,,4,0.5,1.16,0.0,0.0,0.042,0.207,76.5,0.271
ab_pin6x4_i2,ab_pin6x4,2,0,0,0.193,12.6,0.404,3,3.1,1.8,0.9,gps,v3_2,,4,0.5,0.664,1.001,0.0,0.077,0.198,76.8,0.267
ab_pin6x4_i3,ab_pin6x4,3,2,1,-0.041,13.2,0.538,3,5.3,1.83,0.92,gps,v3_2,,3,1.0,0.709,0.0,0.333,0.062,0.203,79.0,0.271
ab_unpinned1_i0,ab_unpinned1,0,0,2,0.003,13.0,0.519,2,5.2,1.82,0.89,gps,v3_2,,3,0.667,1.304,0.0,0.0,0.086,0.206,93.8,0.286
ab_unpinned4_i0,ab_unpinned4,0,0,0,0.137,13.0,0.5,3,3.7,1.78,0.92,gps,v3_2,,3,0.667,1.272,1.001,0.0,0.089,0.202,75.1,0.286
ab_unpinned4_i1,ab_unpinned4,1,0,0,0.159,12.0,0.442,3,2.9,1.77,0.92,gps,v3_2,,2,0.5,0.896,2.003,0.0,0.111,0.188,75.8,0.279
ab_unpinned4_i2,ab_unpinned4,2,0,1,0.07,13.0,0.5,2,5.7,1.77,0.97,gps,v3_2,,4,0.5,1.216,0.0,0.0,0.071,0.202,76.3,0.283
ab_unpinned4_i3,ab_unpinned4,3,0,0,0.138,13.0,0.5,2,5.5,1.8,0.95,gps,v3_2,,4,0.5,1.08,0.0,0.0,0.074,0.204,78.0,0.289
fix_es3_s0,fix_es3,0,0,0,0.136,27.7,0.673,4,12.7,1.95,0.92,gps,v3_2_es3,,5,0.4,1.008,0.5,0.0,0.015,0.215,169.9,0.311
fix_es3_s1,fix_es3,1,0,1,0.026,27.0,0.673,4,9.8,1.81,0.91,gps,v3_2_es3,,4,0.75,1.093,0.5,0.0,0.032,0.21,169.1,0.301
fix_es3_s10,fix_es3,10,0,0,0.226,27.6,0.558,5,9.7,1.95,0.92,gps,v3_2_es3,intact,2,1.0,0.744,1.501,0.0,0.023,0.214,176.2,0.315
fix_es3_s11,fix_es3,11,0,2,0.003,26.9,0.673,4,9.3,1.8,0.94,gps,v3_2_es3,intact,5,0.4,1.448,0.5,0.0,0.04,0.21,168.4,0.321
fix_es3_s12,fix_es3,12,0,1,0.007,27.0,0.615,5,6.7,1.84,0.94,gps,v3_2_es3,intact,4,0.5,0.88,1.001,0.0,0.024,0.213,168.8,0.309
fix_es3_s13,fix_es3,13,0,1,0.004,27.0,0.692,4,10.2,1.84,0.92,gps,v3_2_es3,intact,3,1.0,0.677,0.5,0.0,0.035,0.21,163.2,0.284
fix_es3_s14,fix_es3,14,0,2,0.003,27.8,0.731,4,8.8,1.84,0.91,gps,v3_2_es3,intact,7,0.286,1.136,0.5,0.0,0.036,0.215,172.9,0.292
fix_es3_s15,fix_es3,15,0,0,0.159,26.1,0.481,6,7.2,1.91,0.92,gps,v3_2_es3,intact,2,1.0,1.208,2.001,0.0,0.049,0.204,162.3,0.318
fix_es3_s16,fix_es3,16,0,1,0.014,27.7,0.712,5,10.3,1.91,0.92,gps,v3_2_es3,intact,4,0.5,1.248,1.001,0.0,0.029,0.215,173.1,0.310
fix_es3_s17,fix_es3,17,0,0,0.18,26.7,0.654,5,7.2,1.84,0.91,gps,v3_2_es3,intact,4,0.5,1.04,1.001,0.0,0.04,0.208,176.4,0.302
fix_es3_s18,fix_es3,18,0,0,0.27,26.3,0.577,6,7.1,1.89,0.93,gps,v3_2_es3,intact,2,1.0,0.272,2.002,0.0,0.039,0.204,169.3,0.316
fix_es3_s19,fix_es3,19,0,1,0.003,27.7,0.654,3,10.6,1.83,0.92,gps,v3_2_es3,intact,3,1.0,1.248,0.0,0.0,0.023,0.214,168.6,0.305
fix_es3_s2,fix_es3,2,0,0,0.126,27.4,0.635,3,11.4,1.81,0.91,gps,v3_2_es3,,5,0.4,0.912,0.5,0.0,0.028,0.215,169.8,0.311
fix_es3_s20,fix_es3,20,0,0,0.148,26.8,0.615,4,10.1,1.86,0.91,gps,v3_2_es3,intact,3,1.0,0.837,0.5,0.0,0.039,0.21,172.9,0.317
fix_es3_s21,fix_es3,21,0,2,0.012,26.4,0.712,5,8.7,1.82,0.95,gps,v3_2_es3,intact,5,0.6,0.917,1.001,0.0,0.054,0.206,173.4,0.304
fix_es3_s22,fix_es3,22,1,2,-0.008,26.8,0.577,6,6.0,1.84,0.93,gps,v3_2_es3,intact,3,1.0,1.083,1.001,0.167,0.038,0.208,171.4,0.284
fix_es3_s23,fix_es3,23,0,2,0.003,26.8,0.635,4,9.8,1.81,0.93,gps,v3_2_es3,intact,7,0.429,0.885,0.5,0.0,0.038,0.211,175.2,0.319
fix_es3_s24,fix_es3,24,0,0,0.193,26.2,0.577,6,6.0,1.88,0.92,gps,v3_2_es3,intact,2,1.0,0.904,2.001,0.0,0.044,0.204,174.3,0.320
fix_es3_s25,fix_es3,25,0,0,0.159,26.6,0.596,5,7.3,1.85,0.92,gps,v3_2_es3,intact,3,0.667,0.72,1.001,0.0,0.031,0.208,173.9,0.305
fix_es3_s26,fix_es3,26,0,1,0.026,26.7,0.558,6,4.8,1.81,0.93,gps,v3_2_es3,intact,7,0.571,0.764,1.001,0.0,0.032,0.209,170.2,0.313
fix_es3_s27,fix_es3,27,0,2,0.003,26.7,0.538,5,8.8,1.94,0.94,gps,v3_2_es3,intact,6,0.333,0.544,1.001,0.0,0.039,0.208,172.3,0.302
fix_es3_s28,fix_es3,28,0,1,0.038,26.8,0.654,4,10.3,1.81,0.93,gps,v3_2_es3,intact,5,0.6,1.424,0.5,0.0,0.025,0.209,174.1,0.317
fix_es3_s29,fix_es3,29,0,2,0.07,27.5,0.75,4,10.1,1.83,0.91,gps,v3_2_es3,intact,4,0.75,1.157,0.5,0.0,0.023,0.214,173.3,0.320
fix_es3_s3,fix_es3,3,0,0,0.204,26.2,0.615,5,7.5,1.83,0.93,gps,v3_2_es3,,2,1.0,1.16,1.501,0.0,0.047,0.206,173.9,0.310
fix_es3_s30,fix_es3,30,0,0,0.186,25.8,0.462,6,4.6,1.81,0.93,gps,v3_2_es3,intact,4,0.75,0.459,1.501,0.0,0.049,0.203,174.9,0.387
fix_es3_s31,fix_es3,31,3,3,-0.04,27.7,0.519,6,6.9,2.01,0.91,gps,v3_2_es3,intact,8,0.125,0.496,1.501,0.0,0.043,0.217,178.1,0.342
fix_es3_s4,fix_es3,4,0,1,0.003,26.7,0.692,4,10.0,1.85,0.93,gps,v3_2_es3,,5,0.6,1.499,0.5,0.0,0.044,0.209,174.0,0.323
fix_es3_s5,fix_es3,5,0,0,0.215,26.8,0.654,5,7.3,1.83,0.92,gps,v3_2_es3,,2,1.0,0.88,1.001,0.0,0.032,0.208,176.0,0.293
fix_es3_s6,fix_es3,6,0,1,0.026,27.1,0.635,6,7.0,1.79,0.92,gps,v3_2_es3,intact,5,0.8,1.204,1.001,0.0,0.034,0.208,173.1,0.282
fix_es3_s7,fix_es3,7,0,0,0.204,26.6,0.635,4,10.3,1.82,0.92,gps,v3_2_es3,intact,4,0.75,0.688,0.5,0.0,0.038,0.209,172.4,0.313
fix_es3_s8,fix_es3,8,0,0,0.117,27.2,0.615,5,6.5,1.81,0.92,gps,v3_2_es3,intact,3,0.667,1.0,1.501,0.0,0.029,0.21,174.8,0.319
fix_es3_s9,fix_es3,9,0,0,0.204,26.7,0.712,4,10.6,1.8,0.92,gps,v3_2_es3,intact,4,0.75,0.827,0.5,0.0,0.035,0.21,168.8,0.319
fix_v3_2_s0,fix_v3_2,0,1,1,-0.041,25.6,0.673,5,7.5,1.79,0.96,gps,v3_2,,5,0.4,1.12,1.501,0.0,0.082,0.196,79.3,0.303
fix_v3_2_s1,fix_v3_2,1,0,2,0.003,24.9,0.654,6,6.5,1.8,0.93,gps,v3_2,,6,0.5,1.184,1.501,0.0,0.096,0.193,80.6,0.314
fix_v3_2_s10,fix_v3_2,10,0,0,0.104,24.7,0.654,6,6.2,1.81,0.92,gps,v3_2,intact,6,0.5,1.67,1.501,0.0,0.098,0.19,75.0,0.320
fix_v3_2_s11,fix_v3_2,11,1,1,-0.042,26.0,0.654,4,8.8,1.77,0.99,gps,v3_2,intact,7,0.429,1.28,0.5,0.0,0.095,0.2,77.4,0.313
fix_v3_2_s12,fix_v3_2,12,0,0,0.104,25.6,0.654,6,6.0,1.81,0.95,gps,v3_2,intact,5,0.6,0.89,1.501,0.0,0.073,0.195,78.1,0.310
fix_v3_2_s13,fix_v3_2,13,0,1,0.074,25.1,0.635,6,8.0,1.82,0.98,gps,v3_2,intact,8,0.375,1.296,1.501,0.0,0.088,0.195,77.6,0.294
fix_v3_2_s14,fix_v3_2,14,1,2,-0.006,25.9,0.673,4,10.4,1.8,0.99,gps,v3_2,intact,4,0.5,1.352,0.5,0.0,0.087,0.199,78.6,0.297
fix_v3_2_s15,fix_v3_2,15,1,2,-0.05,25.6,0.596,5,9.6,1.81,0.95,gps,v3_2,intact,4,0.5,1.168,1.001,0.0,0.094,0.199,77.8,0.315
fix_v3_2_s16,fix_v3_2,16,0,1,0.003,25.5,0.673,6,5.0,1.77,0.94,gps,v3_2,intact,5,0.6,1.115,1.501,0.0,0.084,0.196,78.4,0.304
fix_v3_2_s17,fix_v3_2,17,0,0,0.159,25.7,0.654,6,6.0,1.81,0.95,gps,v3_2,intact,5,0.6,0.875,1.501,0.0,0.083,0.197,76.9,0.317
fix_v3_2_s18,fix_v3_2,18,0,1,0.014,26.9,0.673,3,10.2,1.94,0.93,gps,v3_2,intact,3,0.667,1.272,0.5,0.0,0.065,0.208,78.5,0.318
fix_v3_2_s19,fix_v3_2,19,0,0,0.126,25.1,0.635,5,7.3,1.8,0.99,gps,v3_2,intact,4,0.5,1.104,1.501,0.0,0.106,0.194,75.2,0.307
fix_v3_2_s2,fix_v3_2,2,0,2,0.026,26.1,0.654,5,6.6,1.79,0.94,gps,v3_2,,5,0.4,1.144,1.501,0.0,0.061,0.202,77.8,0.296
fix_v3_2_s20,fix_v3_2,20,0,0,0.137,26.7,0.673,4,9.2,1.82,0.99,gps,v3_2,intact,5,0.6,0.853,0.5,0.0,0.075,0.204,75.6,0.302
fix_v3_2_s21,fix_v3_2,21,0,0,0.259,25.3,0.596,6,8.3,1.83,0.88,gps,v3_2,intact,1,1.0,0.288,2.502,0.0,0.078,0.193,75.1,0.308
fix_v3_2_s22,fix_v3_2,22,0,0,0.126,25.5,0.654,5,7.1,1.8,0.98,gps,v3_2,intact,4,0.5,1.152,1.501,0.0,0.102,0.196,77.9,0.304
fix_v3_2_s23,fix_v3_2,23,0,1,0.079,24.6,0.635,7,7.7,1.85,0.97,gps,v3_2,intact,5,0.6,1.051,2.001,0.0,0.099,0.188,77.3,0.311
fix_v3_2_s24,fix_v3_2,24,0,0,0.159,25.5,0.635,6,4.9,1.83,0.94,gps,v3_2,intact,4,0.75,0.571,1.501,0.0,0.08,0.196,77.3,0.305
fix_v3_2_s25,fix_v3_2,25,0,1,0.014,25.8,0.692,5,10.8,1.8,0.99,gps,v3_2,intact,4,0.75,1.12,0.5,0.0,0.073,0.199,77.1,0.310
fix_v3_2_s26,fix_v3_2,26,0,1,0.014,25.6,0.596,5,7.7,1.77,0.96,gps,v3_2,intact,3,0.667,1.496,1.001,0.0,0.113,0.196,76.4,0.313
fix_v3_2_s27,fix_v3_2,27,0,2,0.059,24.5,0.635,7,6.3,1.82,0.97,gps,v3_2,intact,5,0.6,1.136,2.002,0.0,0.094,0.189,74.9,0.312
fix_v3_2_s28,fix_v3_2,28,1,2,-0.046,26.9,0.692,4,9.1,1.88,0.94,gps,v3_2,intact,6,0.5,1.125,0.5,0.0,0.083,0.208,75.7,0.307
fix_v3_2_s29,fix_v3_2,29,0,0,0.226,26.1,0.712,4,9.8,1.82,1.0,gps,v3_2,intact,2,0.5,0.656,0.5,0.0,0.069,0.204,78.5,0.309
fix_v3_2_s3,fix_v3_2,3,0,1,0.012,25.2,0.654,6,6.6,1.79,0.95,gps,v3_2,,5,0.6,1.045,1.501,0.0,0.086,0.194,76.9,0.311
fix_v3_2_s30,fix_v3_2,30,0,0,0.148,26.0,0.558,5,6.9,1.81,0.92,gps,v3_2,intact,5,0.6,0.864,1.001,0.0,0.078,0.2,76.1,0.363
fix_v3_2_s31,fix_v3_2,31,0,0,0.159,24.5,0.692,6,6.0,1.8,0.97,gps,v3_2,intact,4,0.75,0.992,1.501,0.0,0.116,0.19,77.4,0.337
fix_v3_2_s4,fix_v3_2,4,1,1,-0.06,25.8,0.712,4,8.1,1.85,0.95,gps,v3_2,,6,0.333,1.384,0.5,0.0,0.086,0.2,82.2,0.313
fix_v3_2_s5,fix_v3_2,5,0,2,0.014,26.0,0.673,5,6.5,1.79,0.94,gps,v3_2,,4,0.5,1.224,1.501,0.0,0.08,0.2,74.6,0.322
fix_v3_2_s6,fix_v3_2,6,0,0,0.137,25.9,0.654,6,5.0,1.84,0.94,gps,v3_2,intact,4,0.75,0.693,1.501,0.0,0.083,0.2,76.8,0.296
fix_v3_2_s7,fix_v3_2,7,1,2,-0.108,23.8,0.635,6,5.0,1.83,0.95,gps,v3_2,intact,6,0.5,1.221,1.501,0.0,0.14,0.184,77.0,0.307
fix_v3_2_s8,fix_v3_2,8,1,1,-0.042,26.2,0.635,4,9.2,1.81,0.94,gps,v3_2,intact,7,0.429,0.885,0.5,0.0,0.082,0.202,76.7,0.306
fix_v3_2_s9,fix_v3_2,9,0,0,0.204,26.8,0.615,4,9.6,1.83,0.95,gps,v3_2,intact,3,0.667,0.6,1.001,0.0,0.067,0.207,76.5,0.301
fix_v4_s0,fix_v4,0,1,2,-0.027,25.7,0.654,5,7.3,1.81,0.93,gps,v4,,5,0.6,1.061,1.001,0.0,0.08,0.197,75.0,0.168
fix_v4_s1,fix_v4,1,1,2,-0.039,24.5,0.673,6,5.0,1.82,0.96,gps,v4,,4,0.75,1.307,1.501,0.0,0.106,0.188,79.6,0.189
fix_v4_s10,fix_v4,10,1,1,-0.029,25.4,0.654,4,8.8,1.79,0.98,gps,v4,,7,0.429,1.099,0.5,0.0,0.096,0.197,77.4,0.203
fix_v4_s11,fix_v4,11,0,0,0.17,26.3,0.596,5,7.1,1.82,0.94,gps,v4,,5,0.4,0.872,1.001,0.0,0.076,0.202,74.8,0.217
fix_v4_s12,fix_v4,12,0,0,0.148,26.3,0.577,5,7.0,1.8,0.93,gps,v4,,4,0.75,0.976,1.001,0.0,0.08,0.203,75.3,0.213
fix_v4_s13,fix_v4,13,0,1,0.021,27.0,0.712,3,12.6,1.8,0.99,gps,v4,,4,0.75,1.259,0.0,0.0,0.061,0.209,75.4,0.220
fix_v4_s14,fix_v4,14,0,1,0.058,26.0,0.673,5,11.8,1.77,0.96,gps,v4,,3,1.0,0.923,0.5,0.0,0.07,0.201,76.5,0.178
fix_v4_s15,fix_v4,15,3,4,-0.062,28.1,0.692,8,8.6,1.87,0.99,gps,v4,,9,0.556,1.178,1.001,0.375,0.068,0.217,79.7,0.184
fix_v4_s16,fix_v4,16,1,2,-0.003,25.5,0.692,6,9.6,1.85,0.95,gps,v4,,6,0.5,1.232,1.001,0.167,0.086,0.197,75.5,0.271
fix_v4_s17,fix_v4,17,2,5,-0.06,27.1,0.673,6,9.4,1.82,0.96,gps,v4,,10,0.4,1.064,1.001,0.167,0.077,0.208,77.3,0.254
fix_v4_s18,fix_v4,18,1,1,-0.002,26.1,0.635,4,9.4,1.83,0.96,gps,v4,,5,0.6,1.195,0.5,0.0,0.071,0.202,77.0,0.273
fix_v4_s19,fix_v4,19,0,3,0.003,24.8,0.654,7,5.6,1.79,0.92,gps,v4,,7,0.429,1.36,1.501,0.0,0.114,0.192,75.8,0.278
fix_v4_s2,fix_v4,2,0,4,0.003,27.1,0.635,3,11.6,1.81,1.0,gps,v4,,6,0.5,1.227,0.0,0.0,0.06,0.208,74.1,0.183
fix_v4_s20,fix_v4,20,3,2,-0.057,24.4,0.673,7,6.2,1.83,0.92,gps,v4,,9,0.333,1.52,2.002,0.0,0.124,0.187,75.3,0.166
fix_v4_s21,fix_v4,21,0,1,0.003,27.5,0.635,2,14.1,1.81,1.01,gps,v4,,5,0.4,1.328,0.0,0.0,0.055,0.213,76.0,0.164
fix_v4_s22,fix_v4,22,1,1,-0.008,25.2,0.615,6,7.0,1.8,0.93,gps,v4,,6,0.5,1.168,1.001,0.167,0.102,0.193,75.5,0.220
fix_v4_s23,fix_v4,23,1,3,-0.047,27.0,0.673,5,9.3,1.83,1.01,gps,v4,,9,0.444,0.884,0.5,0.2,0.082,0.206,75.2,0.255
fix_v4_s24,fix_v4,24,0,0,0.148,26.2,0.596,5,6.8,1.84,0.91,gps,v4,,4,0.75,0.981,1.001,0.0,0.08,0.202,76.1,0.243
fix_v4_s25,fix_v4,25,1,2,-0.042,27.3,0.654,3,10.8,1.81,0.99,gps,v4,,5,0.6,1.392,0.0,0.0,0.048,0.211,77.2,0.249
fix_v4_s26,fix_v4,26,1,1,-0.049,26.8,0.692,4,8.3,1.8,0.98,gps,v4,,4,0.5,1.152,0.5,0.0,0.073,0.206,76.9,0.188
fix_v4_s27,fix_v4,27,0,1,0.003,26.1,0.673,5,11.7,1.79,0.97,gps,v4,,4,0.75,1.093,1.001,0.0,0.07,0.201,66.1,0.214
fix_v4_s28,fix_v4,28,1,2,-0.108,25.6,0.615,6,7.0,1.81,0.97,gps,v4,,9,0.222,1.224,1.501,0.0,0.109,0.196,74.0,0.216
fix_v4_s29,fix_v4,29,0,2,0.003,25.4,0.673,5,6.2,1.85,0.97,gps,v4,,5,0.6,1.904,1.001,0.0,0.098,0.197,76.8,0.216
fix_v4_s3,fix_v4,3,0,7,0.005,25.5,0.692,5,7.0,1.8,0.93,gps,v4,,7,0.429,1.184,1.001,0.0,0.091,0.197,78.6,0.169
fix_v4_s30,fix_v4,30,2,2,-0.028,26.3,0.673,4,11.2,1.79,0.98,gps,v4,,5,0.6,1.013,0.5,0.25,0.079,0.202,73.1,0.288
fix_v4_s31,fix_v4,31,2,2,-0.041,27.0,0.692,3,11.2,1.83,0.96,gps,v4,,7,0.429,1.515,0.0,0.0,0.061,0.209,78.7,0.244
fix_v4_s4,fix_v4,4,1,1,-0.108,12.8,0.538,3,66.5,1.86,0.95,gps,v4,,3,0.667,1.32,0.0,0.0,0.562,0.098,71.2,0.189
fix_v4_s5,fix_v4,5,1,3,-0.054,26.8,0.654,5,10.6,1.82,0.99,gps,v4,,6,0.5,0.859,0.5,0.2,0.062,0.208,76.2,0.189
fix_v4_s6,fix_v4,6,1,1,-0.099,24.1,0.692,6,5.5,1.83,0.91,gps,v4,,5,0.6,1.125,1.501,0.0,0.136,0.185,75.4,0.191
fix_v4_s7,fix_v4,7,1,3,-0.021,25.2,0.673,6,8.1,1.8,0.99,gps,v4,,6,0.5,1.285,1.001,0.0,0.086,0.194,76.2,0.183
fix_v4_s8,fix_v4,8,1,1,-0.001,25.2,0.635,7,5.0,1.78,0.95,gps,v4,,6,0.667,0.872,1.501,0.143,0.095,0.195,79.6,0.200
fix_v4_s9,fix_v4,9,2,1,-0.052,26.9,0.635,4,10.1,1.85,0.99,gps,v4,,8,0.375,0.907,0.0,0.25,0.056,0.21,72.2,0.210
val_es2_s0,val_es2,0,0,0,0.104,25.5,0.615,3,10.1,1.83,0.94,gps,v3_2_es2,,6,0.333,0.424,0.0,0.0,0.083,0.199,135.5,0.318
val_es2_s1,val_es2,1,2,3,-0.052,25.1,0.673,5,5.8,1.82,0.9,gps,v3_2_es2,,4,0.5,1.328,1.501,0.0,0.077,0.194,131.4,0.291
val_es2_s10,val_es2,10,0,1,0.092,25.4,0.577,3,10.4,1.8,0.94,gps,v3_2_es2,,4,0.25,0.848,0.0,0.0,0.076,0.197,138.6,0.296
val_es2_s11,val_es2,11,0,0,0.148,25.7,0.615,3,11.3,1.82,0.93,gps,v3_2_es2,,7,0.143,0.8,0.0,0.0,0.071,0.198,134.8,0.313
val_es2_s12,val_es2,12,0,0,0.193,25.8,0.654,3,11.7,1.81,0.94,gps,v3_2_es2,,6,0.333,0.776,0.0,0.0,0.082,0.198,137.0,0.293
val_es2_s13,val_es2,13,0,0,0.148,26.0,0.673,3,11.4,1.84,0.93,gps,v3_2_es2,,4,0.5,1.008,0.0,0.0,0.071,0.201,134.2,0.295
val_es2_s14,val_es2,14,1,2,-0.008,24.4,0.635,5,6.3,1.8,0.88,gps,v3_2_es2,,5,0.6,1.083,1.001,0.2,0.094,0.189,137.7,0.312
val_es2_s15,val_es2,15,0,0,0.237,23.4,0.615,5,4.3,1.83,0.9,gps,v3_2_es2,,1,1.0,0.496,2.001,0.0,0.11,0.182,139.1,0.313
val_es2_s16,val_es2,16,0,0,0.159,26.0,0.673,3,8.8,1.82,0.9,gps,v3_2_es2,,3,0.333,0.752,1.001,0.0,0.082,0.202,137.8,0.305
val_es2_s17,val_es2,17,3,3,-0.042,26.8,0.615,4,9.8,1.98,0.91,gps,v3_2_es2,,5,0.4,1.176,1.001,0.0,0.061,0.205,136.3,0.294
val_es2_s18,val_es2,18,0,0,0.137,24.4,0.558,5,9.2,1.83,0.91,gps,v3_2_es2,,3,1.0,0.709,1.001,0.0,0.125,0.188,132.9,0.312
val_es2_s19,val_es2,19,0,0,0.148,23.3,0.481,5,7.6,1.83,0.93,gps,v3_2_es2,,5,0.6,1.248,1.001,0.0,0.114,0.179,136.3,0.319
val_es2_s2,val_es2,2,0,0,0.204,24.8,0.673,4,7.3,1.83,0.9,gps,v3_2_es2,,3,0.667,0.776,1.001,0.0,0.103,0.19,139.0,0.292
val_es2_s20,val_es2,20,0,0,0.204,24.7,0.558,4,8.5,1.8,0.93,gps,v3_2_es2,,5,0.4,0.248,0.5,0.0,0.106,0.19,139.0,0.310
val_es2_s21,val_es2,21,0,0,0.204,22.8,0.519,5,5.9,1.83,0.92,gps,v3_2_es2,,3,0.667,0.528,1.501,0.0,0.11,0.181,138.1,0.276
val_es2_s22,val_es2,22,0,0,0.123,26.1,0.635,3,11.6,1.85,0.89,gps,v3_2_es2,,5,0.4,0.936,0.0,0.0,0.079,0.2,133.0,0.306
val_es2_s23,val_es2,23,0,0,0.226,23.5,0.481,5,7.3,1.82,0.92,gps,v3_2_es2,,3,1.0,0.763,1.001,0.0,0.122,0.18,135.4,0.287
val_es2_s24,val_es2,24,0,1,0.092,25.4,0.635,3,9.4,1.8,0.91,gps,v3_2_es2,,5,0.4,1.4,0.5,0.0,0.086,0.194,135.7,0.308
val_es2_s25,val_es2,25,0,0,0.137,26.3,0.673,3,11.6,1.82,0.94,gps,v3_2_es2,,8,0.25,0.664,0.0,0.0,0.072,0.201,136.8,0.283
val_es2_s26,val_es2,26,0,2,0.026,25.1,0.615,4,6.7,1.82,0.88,gps,v3_2_es2,,4,0.5,0.992,1.001,0.0,0.084,0.195,138.1,0.311
val_es2_s27,val_es2,27,0,0,0.204,24.9,0.654,4,5.2,1.82,0.91,gps,v3_2_es2,,2,0.5,0.8,1.501,0.0,0.093,0.193,137.7,0.298
val_es2_s28,val_es2,28,0,0,0.215,23.3,0.462,5,7.3,1.81,0.92,gps,v3_2_es2,,5,0.4,0.376,1.001,0.0,0.126,0.179,134.8,0.298
val_es2_s29,val_es2,29,0,0,0.159,24.9,0.635,3,11.8,1.8,0.95,gps,v3_2_es2,,5,0.4,0.28,0.0,0.0,0.078,0.193,137.3,0.301
val_es2_s3,val_es2,3,1,3,-0.046,25.6,0.673,4,7.8,1.9,0.9,gps,v3_2_es2,,8,0.25,1.12,1.001,0.0,0.092,0.197,135.4,0.306
val_es2_s30,val_es2,30,0,2,0.003,24.4,0.615,4,6.6,1.8,0.88,gps,v3_2_es2,,4,0.5,1.32,1.001,0.0,0.093,0.189,137.7,0.290
val_es2_s31,val_es2,31,0,0,0.215,24.8,0.577,4,8.1,1.84,0.91,gps,v3_2_es2,,1,1.0,0.8,1.501,0.0,0.089,0.192,140.5,0.299
val_es2_s4,val_es2,4,0,2,0.037,25.0,0.635,4,6.5,1.82,0.89,gps,v3_2_es2,,4,0.5,1.208,1.001,0.0,0.097,0.193,136.8,0.322
val_es2_s5,val_es2,5,0,0,0.204,24.2,0.538,4,8.4,1.79,0.93,gps,v3_2_es2,,1,1.0,0.4,1.001,0.0,0.094,0.187,139.7,0.281
val_es2_s6,val_es2,6,0,0,0.159,23.3,0.481,5,7.5,1.87,0.92,gps,v3_2_es2,,4,0.75,0.677,1.001,0.0,0.132,0.178,135.4,0.298
val_es2_s7,val_es2,7,0,0,0.215,23.3,0.481,5,7.8,1.81,0.92,gps,v3_2_es2,,4,0.5,0.712,1.001,0.0,0.129,0.179,136.4,0.300
val_es2_s8,val_es2,8,0,0,0.168,24.8,0.558,4,9.2,1.79,0.91,gps,v3_2_es2,,3,0.333,0.56,1.001,0.0,0.086,0.193,137.1,0.297
val_es2_s9,val_es2,9,0,0,0.137,25.1,0.635,4,8.1,1.82,0.92,gps,v3_2_es2,,3,0.667,1.024,1.001,0.0,0.094,0.192,134.7,0.289
val_es3_s0,val_es3,0,0,1,0.059,27.3,0.635,5,6.5,1.85,0.94,gps,v3_2_es3,,2,1.0,1.336,1.001,0.0,0.026,0.211,176.7,0.304
val_es3_s1,val_es3,1,0,0,0.214,27.0,0.673,4,11.8,1.89,0.93,gps,v3_2_es3,,3,0.667,0.544,0.5,0.0,0.042,0.209,165.3,0.291
val_es3_s10,val_es3,10,0,0,0.226,25.8,0.519,5,8.5,1.81,0.92,gps,v3_2_es3,,4,0.5,0.784,1.501,0.0,0.045,0.204,171.0,0.317
val_es3_s11,val_es3,11,0,0,0.17,26.7,0.577,5,10.7,1.94,0.92,gps,v3_2_es3,,4,0.5,0.376,1.001,0.0,0.038,0.209,171.7,0.312
val_es3_s12,val_es3,12,0,0,0.204,26.1,0.5,5,10.1,1.9,0.94,gps,v3_2_es3,,5,0.6,0.267,1.001,0.0,0.043,0.205,172.1,0.333
val_es3_s13,val_es3,13,0,0,0.148,27.2,0.577,4,8.5,1.81,0.94,gps,v3_2_es3,,3,1.0,1.067,0.5,0.0,0.029,0.213,171.6,0.305
val_es3_s14,val_es3,14,0,0,0.204,26.5,0.654,4,10.2,1.83,0.92,gps,v3_2_es3,,4,0.75,0.725,0.5,0.0,0.034,0.207,169.0,0.328
val_es3_s15,val_es3,15,0,0,0.193,25.7,0.481,6,7.8,1.91,0.9,gps,v3_2_es3,,2,0.5,0.992,2.001,0.0,0.032,0.204,171.8,0.304
val_es3_s16,val_es3,16,0,1,0.089,25.9,0.5,5,10.1,1.85,0.93,gps,v3_2_es3,,5,0.4,0.92,1.001,0.0,0.039,0.203,170.9,0.319
val_es3_s17,val_es3,17,0,0,0.15,26.5,0.519,5,7.8,1.79,0.91,gps,v3_2_es3,,3,0.667,1.024,1.501,0.0,0.032,0.207,173.3,0.334
val_es3_s18,val_es3,18,0,3,0.014,26.5,0.712,6,7.5,1.85,0.94,gps,v3_2_es3,,8,0.375,1.552,1.001,0.0,0.036,0.206,174.1,0.298
val_es3_s19,val_es3,19,0,3,0.003,27.2,0.673,4,10.1,1.81,0.95,gps,v3_2_es3,,8,0.25,1.272,0.5,0.0,0.031,0.212,171.6,0.290
val_es3_s2,val_es3,2,0,0,0.193,26.7,0.635,6,4.3,1.86,0.92,gps,v3_2_es3,,1,1.0,0.896,2.001,0.0,0.029,0.207,174.0,0.299
val_es3_s20,val_es3,20,0,0,0.174,27.4,0.654,3,11.9,1.8,0.9,gps,v3_2_es3,,2,1.0,0.992,0.0,0.0,0.027,0.215,175.7,0.312
val_es3_s21,val_es3,21,0,0,0.126,27.3,0.577,4,8.4,1.82,0.94,gps,v3_2_es3,,5,0.6,0.965,0.5,0.0,0.027,0.213,173.2,0.291
val_es3_s22,val_es3,22,0,0,0.159,26.8,0.596,4,10.7,1.8,0.92,gps,v3_2_es3,,3,0.667,0.992,0.5,0.0,0.036,0.209,171.3,0.310
val_es3_s23,val_es3,23,1,2,-0.007,26.9,0.712,4,10.3,1.91,0.95,gps,v3_2_es3,,7,0.429,1.488,0.5,0.0,0.026,0.208,175.4,0.334
val_es3_s24,val_es3,24,0,1,0.07,27.8,0.692,5,12.8,1.95,0.92,gps,v3_2_es3,,4,0.75,0.795,1.001,0.0,0.018,0.213,172.0,0.364
val_es3_s25,val_es3,25,0,0,0.159,26.0,0.577,6,6.2,1.84,0.92,gps,v3_2_es3,,3,0.667,0.912,2.002,0.0,0.041,0.202,172.8,0.357
val_es3_s26,val_es3,26,0,0,0.126,26.4,0.481,5,8.9,1.89,0.93,gps,v3_2_es3,,5,0.6,1.115,1.001,0.0,0.046,0.206,172.2,0.378
val_es3_s27,val_es3,27,0,1,0.003,26.5,0.577,5,5.7,1.85,0.95,gps,v3_2_es3,,3,0.667,1.496,1.001,0.0,0.041,0.207,177.1,0.371
val_es3_s28,val_es3,28,0,2,0.025,27.2,0.712,4,8.8,1.82,0.93,gps,v3_2_es3,,6,0.5,0.912,0.5,0.0,0.041,0.21,173.9,0.352
val_es3_s29,val_es3,29,0,0,0.137,26.4,0.635,4,10.2,1.82,0.93,gps,v3_2_es3,,5,0.6,0.933,0.5,0.0,0.043,0.208,172.5,0.359
val_es3_s3,val_es3,3,0,0,0.17,26.2,0.519,5,10.2,1.84,0.92,gps,v3_2_es3,,5,0.6,0.992,1.001,0.0,0.038,0.205,170.3,0.312
val_es3_s30,val_es3,30,1,1,-0.049,27.4,0.596,5,7.3,1.87,0.91,gps,v3_2_es3,,4,0.5,1.296,1.001,0.0,0.031,0.212,176.9,0.402
val_es3_s31,val_es3,31,0,1,0.003,27.4,0.712,4,10.0,1.82,0.92,gps,v3_2_es3,,4,0.75,0.944,0.5,0.0,0.03,0.212,171.1,0.404
val_es3_s4,val_es3,4,0,0,0.105,26.9,0.635,4,10.1,1.82,0.94,gps,v3_2_es3,,4,0.5,0.632,0.5,0.0,0.039,0.209,171.5,0.310
val_es3_s5,val_es3,5,0,0,0.204,27.9,0.654,3,10.7,1.9,0.92,gps,v3_2_es3,,2,0.5,0.688,1.001,0.0,0.015,0.22,176.8,0.298
val_es3_s6,val_es3,6,0,0,0.17,27.0,0.596,6,5.2,1.81,0.91,gps,v3_2_es3,,2,1.0,0.816,2.002,0.0,0.034,0.21,173.7,0.299
val_es3_s7,val_es3,7,0,2,0.059,26.8,0.692,4,10.1,1.82,0.92,gps,v3_2_es3,,6,0.333,1.424,0.5,0.0,0.036,0.209,171.7,0.317
val_es3_s8,val_es3,8,0,2,0.026,25.4,0.673,6,9.3,1.9,0.92,gps,v3_2_es3,,9,0.333,1.035,1.001,0.0,0.04,0.199,171.1,0.296
val_es3_s9,val_es3,9,0,1,0.026,28.1,0.654,4,12.3,1.91,0.89,gps,v3_2_es3,,4,0.75,0.859,0.5,0.0,0.021,0.216,174.4,0.305
val_v3_2_s0,val_v3_2,0,1,1,-0.046,25.6,0.712,4,9.6,1.8,0.97,gps,v3_2,,5,0.6,1.029,0.5,0.0,0.1,0.195,78.1,0.291
val_v3_2_s1,val_v3_2,1,0,0,0.148,26.0,0.615,5,8.0,1.82,0.99,gps,v3_2,,6,0.333,0.6,1.001,0.0,0.075,0.198,75.8,0.296
val_v3_2_s10,val_v3_2,10,0,1,0.092,24.4,0.712,6,6.2,1.8,0.97,gps,v3_2,,4,0.75,1.045,1.501,0.0,0.113,0.188,76.1,0.280
val_v3_2_s11,val_v3_2,11,2,4,-0.033,27.6,0.615,5,10.2,1.86,0.94,gps,v3_2,,9,0.444,1.332,0.0,0.2,0.079,0.215,103.4,0.291
val_v3_2_s12,val_v3_2,12,0,0,0.202,24.5,0.635,6,5.3,1.83,0.97,gps,v3_2,,2,1.0,1.136,1.501,0.0,0.106,0.19,76.0,0.286
val_v3_2_s13,val_v3_2,13,0,2,0.003,25.1,0.673,6,6.2,1.81,0.94,gps,v3_2,,4,0.75,1.211,1.501,0.0,0.097,0.193,78.2,0.290
val_v3_2_s14,val_v3_2,14,2,6,-0.046,25.9,0.673,4,11.9,1.91,0.96,gps,v3_2,,9,0.333,1.456,0.0,0.0,0.099,0.202,75.9,0.302
val_v3_2_s15,val_v3_2,15,0,0,0.159,25.0,0.654,6,6.2,1.78,0.96,gps,v3_2,,5,0.6,0.277,1.501,0.0,0.098,0.194,76.8,0.310
val_v3_2_s16,val_v3_2,16,0,0,0.137,25.4,0.673,6,5.5,1.8,0.93,gps,v3_2,,4,0.5,0.92,1.501,0.0,0.091,0.196,77.5,0.298
val_v3_2_s17,val_v3_2,17,1,2,-0.028,24.3,0.654,6,6.8,1.8,0.97,gps,v3_2,,6,0.5,1.008,1.501,0.0,0.116,0.187,75.0,0.317
val_v3_2_s18,val_v3_2,18,0,3,0.001,25.4,0.654,5,9.3,1.78,0.95,gps,v3_2,,6,0.5,0.938,0.5,0.0,0.107,0.196,76.0,0.274
val_v3_2_s19,val_v3_2,19,0,1,0.07,25.4,0.635,6,5.5,1.83,0.93,gps,v3_2,,6,0.5,1.872,1.501,0.0,0.094,0.195,75.1,0.295
val_v3_2_s2,val_v3_2,2,3,2,-0.046,24.4,0.712,6,8.0,1.79,0.98,gps,v3_2,,10,0.3,0.741,1.001,0.0,0.093,0.186,75.5,0.287
val_v3_2_s20,val_v3_2,20,1,2,-0.042,24.9,0.654,5,7.1,1.81,0.94,gps,v3_2,,5,0.6,1.296,1.001,0.0,0.119,0.191,76.3,0.303
val_v3_2_s21,val_v3_2,21,1,3,-0.049,26.8,0.692,3,12.9,1.85,0.99,gps,v3_2,,9,0.333,1.275,0.0,0.0,0.072,0.208,74.7,0.274
val_v3_2_s22,val_v3_2,22,0,0,0.204,26.2,0.577,5,6.7,1.81,0.9,gps,v3_2,,3,1.0,0.304,1.001,0.0,0.074,0.202,75.4,0.285
val_v3_2_s23,val_v3_2,23,0,1,0.07,26.1,0.673,4,9.0,1.83,0.94,gps,v3_2,,5,0.6,1.184,0.5,0.0,0.081,0.203,76.7,0.301
val_v3_2_s24,val_v3_2,24,0,1,0.092,25.3,0.712,5,8.8,1.8,0.95,gps,v3_2,,7,0.429,0.661,1.001,0.0,0.07,0.198,76.0,0.304
val_v3_2_s25,val_v3_2,25,0,0,0.126,26.4,0.635,4,9.4,1.88,0.94,gps,v3_2,,3,0.667,1.256,1.001,0.0,0.086,0.204,78.7,0.283
val_v3_2_s26,val_v3_2,26,0,0,0.202,25.3,0.654,6,7.8,1.83,0.99,gps,v3_2,,3,0.333,0.704,2.001,0.0,0.084,0.196,76.1,0.314
val_v3_2_s27,val_v3_2,27,0,2,0.049,26.0,0.673,5,7.8,1.81,0.96,gps,v3_2,,5,0.4,1.041,1.501,0.0,0.071,0.201,75.0,0.298
val_v3_2_s28,val_v3_2,28,0,0,0.126,26.5,0.692,4,8.9,1.8,0.99,gps,v3_2,,4,0.75,0.859,0.5,0.0,0.077,0.202,75.4,0.301
val_v3_2_s29,val_v3_2,29,1,1,-0.047,26.9,0.692,3,9.5,1.79,0.97,gps,v3_2,,5,0.4,1.344,0.5,0.0,0.073,0.207,80.3,0.317
val_v3_2_s3,val_v3_2,3,4,2,-0.108,24.7,0.635,8,5.0,1.8,0.97,gps,v3_2,,8,0.5,1.028,1.501,0.125,0.124,0.191,77.0,0.303
val_v3_2_s30,val_v3_2,30,0,1,0.07,26.1,0.712,5,10.8,1.83,0.97,gps,v3_2,,3,1.0,0.837,0.5,0.0,0.078,0.201,73.0,0.285
val_v3_2_s31,val_v3_2,31,0,0,0.126,26.8,0.692,4,9.1,1.81,0.99,gps,v3_2,,5,0.6,0.549,0.5,0.0,0.08,0.205,76.6,0.276
val_v3_2_s4,val_v3_2,4,0,2,0.003,26.5,0.635,3,10.5,1.78,0.99,gps,v3_2,,5,0.4,1.296,0.0,0.0,0.068,0.206,79.8,0.300
val_v3_2_s5,val_v3_2,5,0,1,0.081,26.4,0.712,5,7.8,1.85,0.93,gps,v3_2,,4,0.5,0.912,1.501,0.0,0.078,0.203,77.0,0.322
val_v3_2_s6,val_v3_2,6,0,1,0.003,24.8,0.635,6,6.8,1.8,0.95,gps,v3_2,,7,0.429,1.115,1.501,0.0,0.099,0.19,75.7,0.291
val_v3_2_s7,val_v3_2,7,0,0,0.226,24.7,0.615,6,6.5,1.8,0.95,gps,v3_2,,3,0.667,1.032,2.001,0.0,0.092,0.191,77.4,0.276
val_v3_2_s8,val_v3_2,8,0,1,0.07,24.8,0.692,6,5.5,1.8,0.94,gps,v3_2,,6,0.5,1.461,1.501,0.0,0.098,0.191,75.3,0.289
val_v3_2_s9,val_v3_2,9,3,1,-0.052,24.6,0.635,6,5.8,1.81,0.96,gps,v3_2,,7,0.286,1.376,1.501,0.0,0.101,0.19,77.8,0.266
